threshold,TP,FP,TN,FN,precision,recall,FP_cost,FN_cost,total_cost
0.05,1961,6394,91442,203,0.23470975463794136,0.9061922365988909,127880.0,203000.0,330880.0
0.060000000000000005,1960,6388,91448,204,0.23478677527551509,0.9057301293900185,127760.0,204000.0,331760.0
0.07,1960,6359,91477,204,0.23560524101454502,0.9057301293900185,127180.0,204000.0,331180.0
0.08000000000000002,1959,6356,91480,205,0.23559831629585087,0.905268022181146,127120.0,205000.0,332120.0
0.09000000000000001,1958,6354,91482,206,0.23556304138594802,0.9048059149722736,127080.0,206000.0,333080.0
0.1,1958,6352,91484,206,0.23561973525872443,0.9048059149722736,127040.0,206000.0,333040.0
0.11000000000000001,1957,6350,91486,207,0.2355844468520525,0.9043438077634011,127000.0,207000.0,334000.0
0.12000000000000001,1678,301,97535,486,0.8479029813036887,0.7754158964879853,6020.0,486000.0,492020.0
0.13,1678,299,97537,486,0.8487607486090035,0.7754158964879853,5980.0,486000.0,491980.0
0.14,1677,299,97537,487,0.8486842105263158,0.7749537892791127,5980.0,487000.0,492980.0
0.15000000000000002,1676,263,97573,488,0.8643630737493554,0.7744916820702403,5260.0,488000.0,493260.0
0.16000000000000003,1675,263,97573,489,0.8642930856553147,0.7740295748613678,5260.0,489000.0,494260.0
0.17000000000000004,1675,262,97574,489,0.8647392875580795,0.7740295748613678,5240.0,489000.0,494240.0
0.18000000000000005,1674,249,97587,490,0.8705148205928237,0.7735674676524954,4980.0,490000.0,494980.0
0.19,1674,248,97588,490,0.8709677419354839,0.7735674676524954,4960.0,490000.0,494960.0
0.2,1673,248,97588,491,0.8709005726184279,0.7731053604436229,4960.0,491000.0,495960.0
0.21000000000000002,1672,247,97589,492,0.8712871287128713,0.7726432532347505,4940.0,492000.0,496940.0
0.22000000000000003,1671,246,97590,493,0.8716744913928013,0.772181146025878,4920.0,493000.0,497920.0
0.23000000000000004,1670,244,97592,494,0.8725182863113897,0.7717190388170055,4880.0,494000.0,498880.0
0.24000000000000005,1670,238,97598,494,0.8752620545073375,0.7717190388170055,4760.0,494000.0,498760.0
0.25000000000000006,1667,237,97599,497,0.8755252100840336,0.7703327171903882,4740.0,497000.0,501740.0
0.26000000000000006,1667,235,97601,497,0.8764458464773922,0.7703327171903882,4700.0,497000.0,501700.0
0.27,1666,234,97602,498,0.8768421052631579,0.7698706099815157,4680.0,498000.0,502680.0
0.28,1666,210,97626,498,0.8880597014925373,0.7698706099815157,4200.0,498000.0,502200.0
0.29000000000000004,1666,210,97626,498,0.8880597014925373,0.7698706099815157,4200.0,498000.0,502200.0
0.30000000000000004,1665,209,97627,499,0.8884738527214514,0.7694085027726433,4180.0,499000.0,503180.0
0.31000000000000005,1664,207,97629,500,0.8893639764831641,0.7689463955637708,4140.0,500000.0,504140.0
0.32000000000000006,1664,207,97629,500,0.8893639764831641,0.7689463955637708,4140.0,500000.0,504140.0
0.33,1661,175,97661,503,0.9046840958605664,0.7675600739371534,3500.0,503000.0,506500.0
0.34,1661,174,97662,503,0.9051771117166213,0.7675600739371534,3480.0,503000.0,506480.0
0.35000000000000003,1661,172,97664,503,0.906164757228587,0.7675600739371534,3440.0,503000.0,506440.0
0.36000000000000004,1660,172,97664,504,0.9061135371179039,0.767097966728281,3440.0,504000.0,507440.0
0.37000000000000005,1660,171,97665,504,0.906608410704533,0.767097966728281,3420.0,504000.0,507420.0
0.38000000000000006,1659,155,97681,505,0.9145534729878722,0.7666358595194085,3100.0,505000.0,508100.0
0.39000000000000007,1658,155,97681,506,0.9145063430777717,0.7661737523105361,3100.0,506000.0,509100.0
0.4000000000000001,1658,154,97682,506,0.9150110375275938,0.7661737523105361,3080.0,506000.0,509080.0
0.4100000000000001,1657,141,97695,507,0.921579532814238,0.7657116451016636,2820.0,507000.0,509820.0
0.42000000000000004,1657,141,97695,507,0.921579532814238,0.7657116451016636,2820.0,507000.0,509820.0
0.43000000000000005,1657,141,97695,507,0.921579532814238,0.7657116451016636,2820.0,507000.0,509820.0
0.44000000000000006,1656,131,97705,508,0.9266927811975377,0.7652495378927912,2620.0,508000.0,510620.0
0.45000000000000007,1655,130,97706,509,0.927170868347339,0.7647874306839186,2600.0,509000.0,511600.0
0.4600000000000001,1653,130,97706,511,0.9270891755468312,0.7638632162661737,2600.0,511000.0,513600.0
0.4700000000000001,1652,130,97706,512,0.9270482603815937,0.7634011090573013,2600.0,512000.0,514600.0
0.4800000000000001,1651,130,97706,513,0.927007299270073,0.7629390018484289,2600.0,513000.0,515600.0
0.49000000000000005,1649,129,97707,515,0.9274465691788526,0.762014787430684,2580.0,515000.0,517580.0
0.5000000000000001,1647,115,97721,517,0.934733257661748,0.761090573012939,2300.0,517000.0,519300.0
0.5100000000000001,1645,114,97722,519,0.9351904491188175,0.7601663585951941,2280.0,519000.0,521280.0
0.5200000000000001,1644,85,97751,520,0.9508386350491613,0.7597042513863216,1700.0,520000.0,521700.0
0.5300000000000001,1644,83,97753,520,0.9519397799652577,0.7597042513863216,1660.0,520000.0,521660.0
0.5400000000000001,1643,81,97755,521,0.953016241299304,0.7592421441774492,1620.0,521000.0,522620.0
0.5500000000000002,1643,80,97756,521,0.9535693557748114,0.7592421441774492,1600.0,521000.0,522600.0
0.5600000000000002,1642,79,97757,522,0.9540964555490994,0.7587800369685767,1580.0,522000.0,523580.0
0.5700000000000002,1640,69,97767,524,0.9596255119953189,0.7578558225508318,1380.0,524000.0,525380.0
0.5800000000000002,1640,62,97774,524,0.963572267920094,0.7578558225508318,1240.0,524000.0,525240.0
0.5900000000000002,1636,42,97794,528,0.9749702026221693,0.756007393715342,840.0,528000.0,528840.0
0.6000000000000002,1634,31,97805,530,0.9813813813813814,0.755083179297597,620.0,530000.0,530620.0
0.6100000000000001,1633,31,97805,531,0.9813701923076923,0.7546210720887245,620.0,531000.0,531620.0
0.6200000000000001,1631,27,97809,533,0.9837153196622437,0.7536968576709797,540.0,533000.0,533540.0
0.6300000000000001,1631,26,97810,533,0.9843089921544961,0.7536968576709797,520.0,533000.0,533520.0
0.6400000000000001,1631,26,97810,533,0.9843089921544961,0.7536968576709797,520.0,533000.0,533520.0
0.6500000000000001,1625,26,97810,539,0.984251968503937,0.7509242144177449,520.0,539000.0,539520.0
0.6600000000000001,1625,26,97810,539,0.984251968503937,0.7509242144177449,520.0,539000.0,539520.0
0.6700000000000002,1622,24,97812,542,0.9854191980558931,0.7495378927911276,480.0,542000.0,542480.0
0.6800000000000002,1617,22,97814,547,0.9865771812080537,0.7472273567467652,440.0,547000.0,547440.0
0.6900000000000002,1616,22,97814,548,0.9865689865689866,0.7467652495378928,440.0,548000.0,548440.0
0.7000000000000002,1613,21,97815,551,0.9871481028151775,0.7453789279112755,420.0,551000.0,551420.0
0.7100000000000002,1607,20,97816,557,0.9877074370006146,0.7426062846580407,400.0,557000.0,557400.0
0.7200000000000002,1603,17,97819,561,0.9895061728395061,0.7407578558225508,340.0,561000.0,561340.0
0.7300000000000002,1596,17,97819,568,0.9894606323620583,0.7375231053604436,340.0,568000.0,568340.0
0.7400000000000002,1588,14,97822,576,0.9912609238451935,0.7338262476894639,280.0,576000.0,576280.0
0.7500000000000002,1582,12,97824,582,0.9924717691342535,0.7310536044362292,240.0,582000.0,582240.0
0.7600000000000002,1572,11,97825,592,0.9930511686670878,0.7264325323475046,220.0,592000.0,592220.0
0.7700000000000002,1556,8,97828,608,0.9948849104859335,0.7190388170055453,160.0,608000.0,608160.0
0.7800000000000001,1529,4,97832,635,0.9973907371167645,0.7065619223659889,80.0,635000.0,635080.0
0.7900000000000001,1423,1,97835,741,0.9992977528089888,0.6575785582255084,20.0,741000.0,741020.0
0.8000000000000002,0,0,97836,2164,0.0,0.0,0.0,2164000.0,2164000.0
0.8100000000000002,0,0,97836,2164,0.0,0.0,0.0,2164000.0,2164000.0
0.8200000000000002,0,0,97836,2164,0.0,0.0,0.0,2164000.0,2164000.0
0.8300000000000002,0,0,97836,2164,0.0,0.0,0.0,2164000.0,2164000.0
0.8400000000000002,0,0,97836,2164,0.0,0.0,0.0,2164000.0,2164000.0
0.8500000000000002,0,0,97836,2164,0.0,0.0,0.0,2164000.0,2164000.0
0.8600000000000002,0,0,97836,2164,0.0,0.0,0.0,2164000.0,2164000.0
0.8700000000000002,0,0,97836,2164,0.0,0.0,0.0,2164000.0,2164000.0
0.8800000000000002,0,0,97836,2164,0.0,0.0,0.0,2164000.0,2164000.0
0.8900000000000002,0,0,97836,2164,0.0,0.0,0.0,2164000.0,2164000.0
0.9000000000000002,0,0,97836,2164,0.0,0.0,0.0,2164000.0,2164000.0
0.9100000000000003,0,0,97836,2164,0.0,0.0,0.0,2164000.0,2164000.0
0.9200000000000003,0,0,97836,2164,0.0,0.0,0.0,2164000.0,2164000.0
0.9300000000000002,0,0,97836,2164,0.0,0.0,0.0,2164000.0,2164000.0
0.9400000000000002,0,0,97836,2164,0.0,0.0,0.0,2164000.0,2164000.0
0.9500000000000002,0,0,97836,2164,0.0,0.0,0.0,2164000.0,2164000.0
